age,species,score
22.542891843,Baboon,3.27958106921
4.48382569504,African giant pouched rat,1.97999954327
32.7486004448,Brazilian tapir,5.42975249254
38.4779334619,Brazilian tapir,5.22781571728
60.8411918804,Chimpanzee,7.32652212138
39.7696964358,African elephant,4.68808377839
13.5066482485,Big brown bat,2.0866148357
29.5520583037,African elephant,4.68333382359
31.6900706561,Brazilian tapir,4.56161570885
12.5957130294,Arctic Fox,3.22218369814
6.04482550947,Chinchilla,2.58081788813
17.7430759727,Big brown bat,3.90432471934
5.35765741484,Chinchilla,2.85232879192
15.6965957645,Big brown bat,2.01886938434
46.7568559133,Chimpanzee,5.605160955
25.0705200137,Brazilian tapir,5.32473493736
24.8289548102,Brazilian tapir,4.40439926335
29.5908966225,Baboon,4.74685844994
5.68188057747,Chinchilla,3.03926755272
27.4572084314,Cat,4.47463741663
23.4776464901,Baboon,4.47750323181
20.3118146152,Big brown bat,4.61405498911
6.13613217503,Chinchilla,0.748817743861
30.5522803022,Cat,5.45377951497
68.3228759137,Asian elephant,10.1330533929
20.9638157601,Cat,3.99778969714
64.3736769048,Asian elephant,9.14067366941
7.1730733394,Chinchilla,1.68303779895
59.5296292563,Asian elephant,8.65384546672
31.9575459487,Cat,6.29300371538
18.5924293,Big brown bat,2.3367068766
48.2022259595,Chimpanzee,6.87338564033
35.5515293621,Cat,4.84490337204
64.0435345054,Asian elephant,7.92700603419
58.5629035463,Chimpanzee,7.24207287808
25.8118841657,Brazilian tapir,4.48303137905
8.69669678282,Chinchilla,1.60425153236
34.2404976495,Baboon,6.09042243149
42.2056178252,Chimpanzee,5.73939034948
46.987202551,African elephant,5.63458506853
39.6875420798,Chimpanzee,4.71976710463
27.6486755683,Baboon,4.76236272558
31.2066073354,Cat,6.0267844417
15.0067190636,Big brown bat,3.15454370004
4.87751310712,African giant pouched rat,0.56179600794
17.7856038944,Big brown bat,4.57572452155
6.98164449802,Chinchilla,2.26652261965
41.6182687008,Chimpanzee,5.0541205433
8.33244120065,Chinchilla,1.64918507321
4.34485568177,African giant pouched rat,1.64947348555
39.3988545501,Brazilian tapir,5.31660059971
82.1753664563,Asian elephant,12.1070271462
30.838504421,African elephant,6.09798766938
64.8989662046,Asian elephant,9.28888212601
42.3088527095,African elephant,5.04736001137
3.66506743319,African giant pouched rat,1.05108798188
30.4546685186,African elephant,4.6557790698
40.4668797791,Chimpanzee,4.93360670054
11.5054051292,Arctic Fox,1.5881614663
19.5656364431,Big brown bat,4.73044046477
7.43250132108,Chinchilla,1.49730286772
5.40689329007,African giant pouched rat,1.09373181579
30.2900799766,Baboon,5.49593549299
3.80227640819,African giant pouched rat,0.983425647429
27.0582575899,Cat,4.42217078965
18.9357048006,Big brown bat,4.21687750577
16.4838521591,Big brown bat,2.32174125807
40.4649622366,African elephant,5.45330420802
60.1744585431,Chimpanzee,7.60539716009
50.7632759545,Asian elephant,7.66892926901
14.5221914443,Big brown bat,2.26476993371
59.9764632591,Chimpanzee,7.81538447877
4.00583256544,African giant pouched rat,1.16563444855
79.4392279872,Asian elephant,11.9328357283
7.46326881392,Chinchilla,1.07841160072
8.4423746549,Chinchilla,2.29146738926
18.0283611204,Arctic Fox,3.64175142483
21.9516613443,Brazilian tapir,4.08950082682
5.83376985208,African giant pouched rat,2.4016783109
17.3831808169,Big brown bat,3.22706739667
3.82024642394,African giant pouched rat,1.7597319733
8.3553141055,Chinchilla,2.05347982388
28.4452521094,African elephant,5.00262877156
43.9216595281,Chimpanzee,5.95717766869
80.1929403008,Asian elephant,9.90897653577
3.60275806152,African giant pouched rat,1.08955169036
32.7945722334,Cat,6.47480639137
5.73084088193,African giant pouched rat,1.04165690351
14.3419917709,Big brown bat,2.50112346239
29.9922769955,Baboon,4.80327398678
12.3472079153,Arctic Fox,2.73333033461
60.5327652068,Chimpanzee,7.36850545916
29.739286968,Baboon,4.86387943136
7.22482746149,Chinchilla,1.77058025379
59.2619505028,Chimpanzee,7.51041307614
24.465492901,Big brown bat,5.03428686421
13.1723068544,Arctic Fox,2.33386048343
27.4541669229,Brazilian tapir,5.92618147985
24.1620601812,Baboon,5.1957509522
48.9863549522,African elephant,6.81715095222
34.5627152754,Brazilian tapir,6.50964536783
7.05935391267,Chinchilla,1.85559967124
64.2207850402,Asian elephant,9.43428345054
30.1178198094,African elephant,5.6690267724
44.0518608185,African elephant,6.56355869338
10.8924814474,Arctic Fox,2.28440614034
36.2110197906,Chimpanzee,4.21826139587
80.0837852051,Asian elephant,11.4026188737
22.1319831354,Brazilian tapir,4.2789784376
41.304827365,Chimpanzee,5.39341035837
15.1334577285,Arctic Fox,2.36581672898
14.1122329361,Big brown bat,1.98076234594
62.4519572529,Asian elephant,7.4968922472
86.8619015479,Asian elephant,12.5797149989
6.32093231841,Chinchilla,1.80839542335
78.2107251863,Asian elephant,11.5301486962
11.4662881071,Arctic Fox,2.20382368644
26.9256015468,Cat,3.90809695997
11.0063502498,Arctic Fox,2.55507546931
20.3869722453,Cat,3.21660454262
48.679820672,Chimpanzee,5.76077712211
59.5860817237,Asian elephant,8.14801713038
15.3847208997,Big brown bat,3.64358981727
16.667682977,Arctic Fox,3.73697866554
5.64718845326,Chinchilla,0.913413215486
44.8156295296,African elephant,6.17870994602
38.6556310106,African elephant,5.27565798609
20.6237497765,Big brown bat,2.93378802307
38.2792577601,Brazilian tapir,4.45853123198
5.61138335888,African giant pouched rat,2.84841973618
36.1945750286,Chimpanzee,4.37497835659
25.4763084532,Cat,5.68306980177
31.5249695522,African elephant,5.64314002625
21.0914339819,Baboon,3.3349988462
17.6639549181,Arctic Fox,4.21686812233
22.862103937,Baboon,3.4243531398
39.3699026106,African elephant,5.61052144888
8.81293251198,Chinchilla,1.46057599058
11.2621508071,Arctic Fox,2.9768766943
56.4224928954,Asian elephant,8.00546199243
30.6073303663,Brazilian tapir,5.32137912888
5.41966698223,African giant pouched rat,1.27728606042
23.8780425721,Big brown bat,4.4952054321
49.5039349521,African elephant,6.46510240514
33.7867732416,Cat,6.66459611379
33.8684153693,Cat,7.43166439357
6.16777694949,Chinchilla,2.42602806018
49.3867994738,African elephant,6.36118696377
64.7955492956,Asian elephant,8.59127045769
22.5116288325,Baboon,3.9975197786
22.6366707548,Baboon,5.08625611319
36.4149094441,Brazilian tapir,4.51111607062
30.815046477,Cat,5.61137912074
21.407077408,Baboon,4.32781688395
32.964882849,Brazilian tapir,7.10982775352
3.97108352046,African giant pouched rat,1.14437975896
12.6137785541,Arctic Fox,2.70616195896
50.9328052725,Asian elephant,6.15877769386
20.2507214093,Big brown bat,4.49695795399
14.9847448356,Arctic Fox,3.25161432533
20.7413204805,Cat,3.31857704399
46.5831560508,African elephant,5.6027655427
23.0133736682,Baboon,3.70011175399
8.7378993238,Chinchilla,1.17879662077
28.4054185141,Cat,5.32612916954
28.6079033523,African elephant,5.98090179173
48.9804337117,Chimpanzee,6.00204957946
29.991315118,Baboon,6.19443604831
17.587174435,Arctic Fox,2.33902504811
6.76020827208,Chinchilla,2.37582891456
22.5894504819,Big brown bat,4.5604061106
35.1001812205,African elephant,4.11084338262
31.3814573261,African elephant,4.6998560867
8.13458391796,Chinchilla,2.09420661408
48.9748587734,African elephant,6.76238937538
20.2197854535,Cat,3.35614198077
7.21520520026,Chinchilla,0.98873680103
34.0133135185,Baboon,6.17193605924
5.4935209797,African giant pouched rat,2.89642324555
58.7184980998,Asian elephant,8.38381669522
44.964963708,African elephant,6.17771242884
15.5925546047,Arctic Fox,3.03953211062
17.0413251871,Arctic Fox,3.33731680894
74.8316099946,Asian elephant,8.67233676834
4.63804113938,African giant pouched rat,2.06161036779
33.2590169004,Brazilian tapir,4.74986869188
3.776460875,African giant pouched rat,0.752786426426
27.8949563274,Brazilian tapir,4.54036121682
21.9505691384,Big brown bat,3.60015783255
48.6315682261,Chimpanzee,7.04872811032
32.4506804106,Baboon,5.95654522353
28.0942637907,Brazilian tapir,4.99598232169
35.6639346914,Chimpanzee,5.0932300279
3.51436503357,African giant pouched rat,1.18255324867
26.6508832311,Cat,5.99425810357
32.2615145594,Cat,4.7857714693
79.5983144723,Asian elephant,9.41505570279
67.0660284644,Asian elephant,9.19082676261
12.3648053643,Arctic Fox,2.84103869065
71.3730482263,Asian elephant,9.94479037225
39.3129187077,Brazilian tapir,5.72307554944
22.5519382156,Big brown bat,4.48739448684
23.274246533,Cat,5.23332620976
25.112418944,Baboon,4.78439515995
3.52787233852,African giant pouched rat,1.54916960433
36.0948235766,Brazilian tapir,4.7536141183
5.47020724524,African giant pouched rat,1.97649252389
54.6274725572,Chimpanzee,7.7980316536
16.3045072305,Big brown bat,2.84671224321
87.634028254,Asian elephant,10.709899374
33.7234405674,Brazilian tapir,5.45705223426
30.2943117537,Cat,4.81938536133
27.7550707445,Cat,4.89594488015
7.05743370638,Chinchilla,1.29956267619
35.6447085626,Brazilian tapir,4.82412200782
15.386981219,Arctic Fox,3.4723926861
48.5560391996,Chimpanzee,6.13303705081
13.7012766738,Big brown bat,1.85723014679
18.1140805809,Big brown bat,3.37345189145
39.440577024,African elephant,4.86645658408
28.9278700651,Baboon,5.43353929601
17.9460171732,Arctic Fox,2.66407513165
53.7027902442,Chimpanzee,6.71938040692
27.1327637843,Cat,5.03517330676
3.75974436473,African giant pouched rat,1.19245185911
74.1025714688,Asian elephant,10.2842041634
4.33205751898,African giant pouched rat,1.26563157858
23.6178307104,Big brown bat,4.23814255468
4.25621126915,African giant pouched rat,0.48348597423
59.1548869378,Asian elephant,7.23535807101
5.78886864211,African giant pouched rat,1.46497370362
37.0685141137,African elephant,4.67577740593
31.0778992635,Baboon,4.74359944154
10.5757872697,Arctic Fox,1.98245010537
74.092458398,Asian elephant,9.67648998604
45.9560265477,Chimpanzee,6.4149283875
26.3746600296,Brazilian tapir,4.05996773343
28.1191217792,Cat,4.90849761089
29.9867654474,African elephant,5.33690904806
5.29451259293,Chinchilla,2.66777539321
8.5509120504,Chinchilla,1.26689944816
17.7739494719,Big brown bat,4.77815236841
23.5629811411,Brazilian tapir,4.14290152791
28.8083026031,African elephant,6.47460679703
14.468422721,Big brown bat,3.86209150342
5.9144920693,Chinchilla,1.44534573826
46.7748617398,African elephant,6.42011541173
34.0437722619,Cat,5.82083555232
26.2037142512,Cat,4.66008319606
38.0550002341,Brazilian tapir,5.09243180017
33.0453366523,Cat,7.15790583495
8.01465529017,Chinchilla,0.975474554127
16.4238444549,Big brown bat,3.64596216905
16.8550510135,Arctic Fox,3.56558505628
17.9430718142,Arctic Fox,2.95394673042
64.1590712581,Chimpanzee,8.09948219649
69.5214852546,Asian elephant,9.11006241274
51.4135280928,Chimpanzee,6.65993106855
6.69254016948,Chinchilla,0.794064345984
68.2048985858,Asian elephant,9.89027908153
88.5855055639,Asian elephant,13.441830404
3.27793020922,African giant pouched rat,0.969868287057
16.241208174,Arctic Fox,2.23747802427
46.2732104976,African elephant,6.21449629665
3.40827980159,African giant pouched rat,0.771815921251
32.3248121642,African elephant,6.55001507306
7.87932470965,Chinchilla,1.02129502853
57.4189592369,Chimpanzee,7.08856384482
24.4952884756,Big brown bat,4.10866318505
18.2953295168,Big brown bat,3.1632134093
25.739989401,Cat,3.87697894563
15.0499078719,Big brown bat,3.35468450691
19.9150820849,Baboon,5.31120203927
43.9567406144,African elephant,5.95769839618
37.1265972619,Brazilian tapir,5.26257751778
19.5009006397,Big brown bat,2.58445420265
17.6766335587,Big brown bat,3.3675091175
8.49379444098,Chinchilla,1.9057928572
5.62361669395,African giant pouched rat,2.44618274019
60.968731572,Asian elephant,7.7735063629
13.4193968227,Arctic Fox,1.9896815802
11.2436083796,Arctic Fox,1.54370404562
35.6047385442,Cat,4.17269492879
29.2642958667,Cat,6.50954119179
36.3711295678,Brazilian tapir,4.9465403698
29.2487420346,African elephant,4.53159848495
47.6455510778,Chimpanzee,7.29580992814
39.5084446013,Brazilian tapir,5.75742552366
6.0065398825,Chinchilla,2.63277612455
18.0706765893,Arctic Fox,3.70592197096
5.87083563209,Chinchilla,1.6550200603
47.0752746613,African elephant,6.94311130816
78.3377256401,Asian elephant,9.12799549216
15.4733930218,Arctic Fox,3.41445114487
8.98925889498,Chinchilla,1.44689221023
5.04510657376,Chinchilla,2.67318343831
34.0668119823,Brazilian tapir,5.12258576304
5.15825309193,African giant pouched rat,0.877023848371
12.4357328183,Arctic Fox,2.6048733494
4.27655074212,African giant pouched rat,0.611347281073
24.1138613293,Big brown bat,3.45215450177
5.53671059649,African giant pouched rat,1.06875463526
35.2344123797,Brazilian tapir,4.58309264007
15.6262347796,Arctic Fox,4.22151773462
35.1939727364,Chimpanzee,4.37796431181
49.6163119922,African elephant,6.22853446956
86.6067299492,Asian elephant,11.4076807399
47.1335570309,African elephant,6.61963741827
31.3220989182,Baboon,6.17946667113
38.8440666738,Brazilian tapir,5.09092974021
20.4768211837,Big brown bat,4.11212829858
8.28598438584,Chinchilla,1.50894477985
27.6212472838,Brazilian tapir,5.44530752597
31.3486128623,Cat,5.82565336357
30.1499802598,Baboon,5.00726489163
13.6629851267,Big brown bat,1.95183333433
34.4182771346,Brazilian tapir,5.06576201681
24.5983367658,Big brown bat,5.37850977962
47.1691760851,African elephant,5.74828827273
31.5461126597,African elephant,6.64720631837
23.3648772487,Cat,3.49343795057
24.3610461907,Baboon,3.63873492157
23.006742224,Big brown bat,4.34952910162
32.5490559194,Cat,7.0390353286
36.3214709514,Brazilian tapir,4.78184575498
67.4471768315,Asian elephant,8.03815858888
17.3812583688,Big brown bat,2.83465267585
22.6517026717,Baboon,4.70015984798
37.037950198,African elephant,5.4329578373
3.25634104101,African giant pouched rat,1.31264758925
52.6004701766,Chimpanzee,6.34400340012
6.42292195737,Chinchilla,3.36391761187
23.0161542008,Brazilian tapir,4.15778992859
26.64904966,Brazilian tapir,4.68167449687
21.124739693,Big brown bat,4.53776417442
68.2560149135,Asian elephant,8.02614138697
25.24169387,Cat,4.29854127368
37.2474043832,African elephant,5.22587723209
7.96815199227,Chinchilla,1.23940110994
21.8623042899,Baboon,4.82404677989
63.2515222353,Asian elephant,8.59303962734
57.8311720008,Asian elephant,6.94390531295
10.8517616361,Arctic Fox,1.7308392776
19.302902337,Big brown bat,3.66054601591
8.30717648832,Chinchilla,2.12253383817
15.3359297481,Big brown bat,2.05492336856
49.6561819803,African elephant,7.57955319456
39.1796914009,Chimpanzee,5.01921410646
35.0924332716,Baboon,4.34002965672
3.16925453854,African giant pouched rat,0.601746738644
20.2847636494,Cat,3.48707390251
5.70775583844,Chinchilla,2.44846047144
19.8405676813,Big brown bat,2.6943324982
26.2116200104,Brazilian tapir,3.80016726022
64.9577968186,Chimpanzee,7.81951139249
48.4244768798,Chimpanzee,6.92412965723
12.4914320256,Arctic Fox,1.5758849842
56.1649703006,Asian elephant,7.19586750391
3.95848964765,African giant pouched rat,1.14129072751
47.8976348038,African elephant,6.80540462673
28.2278522228,Brazilian tapir,6.16425171152
5.00585839066,African giant pouched rat,0.640232619591
58.0823246819,Chimpanzee,7.57633975613
52.4422676817,Chimpanzee,7.89569420338
36.1139052591,African elephant,5.02720504366
6.75312815377,Chinchilla,0.768654961796
15.0529035728,Arctic Fox,3.41037622033
73.7343286523,Asian elephant,10.67419238
62.8501968471,Chimpanzee,8.16271485211
17.5301608611,Arctic Fox,2.40914406829
62.9326292188,Asian elephant,7.35042822666
4.49347059514,African giant pouched rat,1.55904024785
5.66020653927,Chinchilla,2.64289095539
22.5407138519,Cat,3.24209882945
28.3943247391,Baboon,5.6324248419
26.0004499518,Cat,4.80059109417
22.8669403435,Big brown bat,4.49521637239
4.44656893172,African giant pouched rat,2.26721187693
22.3363911467,Brazilian tapir,3.15449957
13.9769941978,Arctic Fox,2.6655694634
44.9500855629,Chimpanzee,5.85469719846
33.9999648847,African elephant,4.76207508705
24.8391426568,Cat,4.17867840629
8.90211377352,Chinchilla,1.22394873222
78.0096896094,Asian elephant,10.8535487917
6.99472583501,Chinchilla,2.69104817073
28.7925728702,Baboon,4.71892218433
7.2848963643,Chinchilla,1.60621437098
17.9539164785,Big brown bat,2.80953299789
24.4818167194,Baboon,4.29887743778
17.9298504407,Big brown bat,4.08998889792
38.8445740522,African elephant,5.65801554396
54.7932720802,Chimpanzee,7.45541857062
7.65359732335,Chinchilla,1.24678765173
37.9036104115,Chimpanzee,4.45407510492
73.7561003658,Asian elephant,9.15117101916
14.0251478631,Big brown bat,2.27453693082
27.4837894366,Brazilian tapir,4.65945092572
3.99543766164,African giant pouched rat,1.88979402222
73.0561395975,Asian elephant,8.49674107751
8.73415871662,Chinchilla,1.63501376858
31.6181829544,Cat,4.46199411518
45.8430854364,African elephant,6.70782520157
3.46971084939,African giant pouched rat,0.814237676345
25.1127255492,Cat,5.68526944465
36.1145453494,Brazilian tapir,4.86006198892
42.8400852465,African elephant,6.20275493744
30.4774607678,Cat,4.68474892601
7.98248229459,Chinchilla,1.05944474308
16.3215156515,Arctic Fox,2.78705688517
22.1695798885,Cat,3.1498024665
21.8826361893,Cat,4.16944567329
17.6829956096,Arctic Fox,4.52069166248
22.5219418703,Baboon,3.25026264456
71.2455976837,Asian elephant,9.71166996948
22.7525104993,Baboon,4.78665206346
30.3502669419,Baboon,6.3143410541
56.7106431179,Chimpanzee,8.23600385714
15.7016318462,Big brown bat,2.66473889552
32.0020340277,Baboon,5.10918327068
8.10882726836,Chinchilla,1.60511870661
16.3925299679,Arctic Fox,3.68028085002
80.6019143194,Asian elephant,11.0415080919
34.5574876466,Brazilian tapir,7.1032138821
7.5581223182,Chinchilla,1.38714029921
15.2341920948,Arctic Fox,3.43085949059
7.14154968359,Chinchilla,1.18312141895
9.04273503956,Chinchilla,1.8603377355
33.0446006995,Brazilian tapir,5.84409572848
45.2638994352,Chimpanzee,5.92202410319
4.22285507482,African giant pouched rat,1.55225561919
17.2263272796,Arctic Fox,2.4103156447
63.8423944042,Chimpanzee,8.82848771764
24.593833274,Brazilian tapir,5.37082900652
13.3574395078,Arctic Fox,2.43944715966
30.7344998539,Cat,6.20037814117
14.308191331,Big brown bat,2.9850157982
3.65259865357,African giant pouched rat,0.425981351166
25.0078989091,Brazilian tapir,3.85349471503
11.2647240256,Arctic Fox,1.74064413521
8.66230736053,Chinchilla,1.23890794528
7.82662155167,Chinchilla,1.76335090359
4.60176727658,African giant pouched rat,1.80807113907
51.3218029217,Asian elephant,7.30593885146
21.7981568368,Big brown bat,4.34587642387
13.4392045599,Big brown bat,1.99161285515
21.5768984292,Baboon,3.49313440723
33.0363232935,Baboon,7.26974878259
20.1489053487,Baboon,4.27241977659
20.0437307797,Big brown bat,2.86290587102
16.1389858164,Big brown bat,2.08228648172
23.8098275489,Brazilian tapir,4.15694158317
5.09254252173,Chinchilla,1.19808048548
41.3460351745,Chimpanzee,5.34923748589
25.7493644816,Brazilian tapir,3.61347735936
17.0025450002,Big brown bat,3.76458436278
64.2687272158,Chimpanzee,7.96531313311
23.2236309316,Baboon,4.35497054386
7.74215049878,Chinchilla,1.64132602318
8.27009561458,Chinchilla,1.25906407331
23.1394730412,Big brown bat,4.04611471769
30.8961491621,Cat,6.84483226838
6.10912323693,Chinchilla,1.94808278968
4.51537609208,African giant pouched rat,1.19480812782
35.4220328357,Cat,5.03076933831
40.9945582761,Chimpanzee,5.17562863109
4.50019275976,African giant pouched rat,1.82968008333
61.3725423855,Chimpanzee,8.88949831474
10.6452346353,Arctic Fox,1.38090511539
40.8886385905,African elephant,6.20840615522
89.0803406597,Asian elephant,11.8238445701
14.648565472,Big brown bat,1.8701489047
52.5694701022,Asian elephant,6.71054537487
28.3101843592,Brazilian tapir,5.51314053226
77.7646860036,Asian elephant,10.1540539145
36.185974738,African elephant,4.62234326474
57.0416310846,Asian elephant,8.17421652903
41.7382354707,African elephant,4.95379309748
15.9705605843,Big brown bat,1.93472895462
78.0524429342,Asian elephant,11.4612818135
23.670212474,Cat,4.54054867519
10.1689920954,Arctic Fox,2.02427873053
86.3839941569,Asian elephant,13.2292527465
11.3237815115,Arctic Fox,2.90413956507
18.2020313636,Big brown bat,2.36430386414
36.6742768834,Brazilian tapir,4.71489773567
42.8442304941,African elephant,6.47812297436
4.65670996582,African giant pouched rat,1.94545008271
32.6826111871,Cat,6.9270183919
42.3399763081,African elephant,4.90895017401
75.0571998264,Asian elephant,9.13730411009
5.17542975879,African giant pouched rat,0.90191099363
29.2992479196,African elephant,6.0204958314
7.74575187454,Chinchilla,1.2596955785
24.3657594173,Big brown bat,4.13456751662
22.3052036353,Cat,4.07411543237
43.241172117,African elephant,5.21732620845
51.4451347097,Chimpanzee,7.53039457981
42.3842760529,African elephant,5.62756601678
22.2477736679,Big brown bat,4.91137929653
7.57205542449,Chinchilla,1.99591652047
24.0314768557,Baboon,5.31800277645
3.42526277515,African giant pouched rat,0.508263419385
34.3440103049,Cat,7.80284915874
34.3105606445,Baboon,7.74504716453
13.5349188861,Arctic Fox,1.77606355039
10.2372599356,Arctic Fox,1.30143525395
16.0388564939,Arctic Fox,3.91166674406
15.1857717899,Big brown bat,3.40502751384
16.2998618215,Arctic Fox,2.33506433742
29.1313058212,African elephant,6.04389521347
62.7007760565,Asian elephant,9.55100976334
23.7352213337,Cat,4.12646097315
40.2607406673,African elephant,6.14720079439
73.5471288178,Asian elephant,9.41825757277
30.4746424159,Baboon,5.18249600919
48.4923322231,African elephant,6.72865651502
6.80176084892,Chinchilla,1.85347562002
58.5202998349,Chimpanzee,7.95818096547
23.2501990631,Big brown bat,4.54967560347
36.1524654181,Cat,5.12528508265
5.5139744907,Chinchilla,1.18892699937
75.4333223129,Asian elephant,10.2058322062
46.3113398553,African elephant,7.0772407676
5.15936022896,Chinchilla,1.85728395096
65.9040870211,Asian elephant,9.00572832397
32.3596345412,Brazilian tapir,4.84059631373
25.3573413417,Brazilian tapir,4.37501766883
16.0949040591,Arctic Fox,2.16038417524
28.1586641721,Baboon,5.21787344831
3.74060601661,African giant pouched rat,0.744877186033
49.2869231533,African elephant,7.41654943766
33.171104357,Cat,4.64802009209
22.5048243654,Baboon,4.52442464311
33.1581360081,Brazilian tapir,6.06206054451
31.5642025543,African elephant,4.79089845597
64.332296198,Chimpanzee,8.76645969206
24.8914213422,Brazilian tapir,4.31258908653
47.174079495,Chimpanzee,5.73787007792
19.8455797284,Cat,5.02377888602
43.7088033104,Chimpanzee,6.57306091084
83.0536930802,Asian elephant,10.4798523529
8.11580514166,Chinchilla,1.83343359152
21.1983690178,Cat,4.38305682713
39.1303016162,Chimpanzee,5.13026641337
5.60609882227,Chinchilla,1.37097993133
4.68477088828,African giant pouched rat,1.27439446291
62.9133494497,Chimpanzee,9.04514892145
11.6674489261,Arctic Fox,2.98036284864
14.9754235766,Big brown bat,2.84228222387
32.7088611587,Brazilian tapir,5.34084068022
34.9241293038,Brazilian tapir,6.57360396274
6.74094190265,Chinchilla,2.86688866225
4.86415188757,African giant pouched rat,1.8795708654
53.9046970591,Asian elephant,6.88402364136
26.4348259762,Baboon,4.5586587801
12.0237142683,Arctic Fox,2.30853750693
16.7524692735,Arctic Fox,3.48581321162
40.9541461923,Chimpanzee,6.17435481389
36.2876118297,Brazilian tapir,4.43786363838
11.4024148835,Arctic Fox,1.89778789921
7.58494659733,Chinchilla,1.99705298834
22.9623416787,Big brown bat,3.23733014789
16.46088961,Big brown bat,2.53579792457
11.7564093686,Arctic Fox,2.41845572156
59.5318447519,Chimpanzee,8.28067411498
11.2887875403,Arctic Fox,1.71751537001
34.825754151,Brazilian tapir,6.13162617759
35.3808683183,Cat,5.13047112495
23.6339042395,Cat,4.51727641344
34.0046497827,Baboon,5.18767512111
22.1817127725,Big brown bat,3.31550942478
23.087102846,Big brown bat,3.26299641502
7.64999387948,Chinchilla,1.90938189174
5.20740481331,Chinchilla,1.46654869715
53.963955959,Asian elephant,6.91063665745
54.9917449225,Chimpanzee,6.77431280488
6.88711118069,Chinchilla,1.33380124304
23.0523461909,Big brown bat,3.90550720932
33.6565831012,Cat,7.20346029144
6.35192896613,Chinchilla,1.16662858097
22.4155852751,Baboon,4.09980604841
5.27255879417,African giant pouched rat,1.97887151874
14.9848006323,Big brown bat,2.0061596097
26.8225583507,Brazilian tapir,4.97217871141
3.42253472953,African giant pouched rat,0.752731305643
7.43329751696,Chinchilla,1.3091969661
28.4598962355,Cat,4.80218643507
3.31571532433,African giant pouched rat,1.25343328132
5.63025920734,Chinchilla,1.28841190057
20.241120275,Big brown bat,3.30105135005
80.6901840251,Asian elephant,9.55995128769
5.36502589182,African giant pouched rat,2.24171922676
39.6103896468,African elephant,5.3729993355
29.084518566,Cat,5.41494875406
15.7651907291,Arctic Fox,4.0207928465
38.4255722663,African elephant,4.88283338718
4.94000163239,African giant pouched rat,2.21869227927
24.6239308655,Big brown bat,4.63043856979
29.5426154561,African elephant,5.40521824986
22.3416711522,Big brown bat,4.22060241509
28.0715745319,Cat,5.63921412602
45.0994757135,African elephant,5.60978551369
9.9251294277,Arctic Fox,2.37682916108
51.918794985,Chimpanzee,6.32768613504
18.016358336,Arctic Fox,3.5720759265
30.8992138127,Cat,6.51136990584
5.37267519221,African giant pouched rat,2.01508686409
6.86327977082,Chinchilla,1.7708132796
32.1601586653,Baboon,7.23835555751
35.4317214843,Cat,5.17953805618
34.8967482561,African elephant,6.44512719007
6.93600673088,Chinchilla,1.00292041098
3.4422253268,African giant pouched rat,0.399450942966
28.8884847368,Brazilian tapir,5.65101834517
27.5557141929,Baboon,6.19877788631
64.4206506168,Asian elephant,9.05949833838
23.3055094979,Big brown bat,4.01423402306
13.0223807504,Arctic Fox,2.74293778157
59.0769274508,Chimpanzee,8.54191421231
23.8337745044,Cat,4.92847440184
19.7327669845,Cat,4.12174019071
14.946288428,Arctic Fox,2.16106043004
26.3879510282,Baboon,3.81489588465
25.7221638562,Brazilian tapir,4.2839993398
23.8634957146,Baboon,4.81781551009
57.1510640257,Chimpanzee,7.30684069488
22.8363178697,Big brown bat,3.46815694932
23.9521459645,Baboon,4.34562913642
20.8966182405,Big brown bat,3.22337107295
48.2040203894,Chimpanzee,6.44889324857
24.3122807622,Cat,5.35346978242
15.1040525359,Big brown bat,2.49824745622
47.66127966,African elephant,6.94015553681
7.97916360152,Chinchilla,1.6526008317
23.4743791075,Brazilian tapir,3.30953837432
5.10304205757,African giant pouched rat,1.45193300303
49.4033136792,Chimpanzee,7.28761728435
4.82339443708,African giant pouched rat,1.40446394678
3.36676968529,African giant pouched rat,1.59380463493
7.85441696785,Chinchilla,1.00787935517
20.2557925877,Big brown bat,3.59188329672
39.7185170268,African elephant,4.93108404389
15.7659126732,Arctic Fox,2.47410726398
33.410110664,Cat,6.17190357541
47.3282250512,Chimpanzee,5.86007436334
30.8523148857,Cat,6.94802345175
23.634327933,Big brown bat,5.34312223576
14.9229937234,Big brown bat,2.14916475922
23.1861172881,Cat,4.44145763446
24.8166264079,Brazilian tapir,3.99607368267
22.0895658957,Cat,3.35847815902
4.56101730833,African giant pouched rat,2.15208718529
29.8922985493,Cat,5.3449393761
38.0118482653,Chimpanzee,4.46867573232
21.7868231973,Baboon,3.68141543179
82.5939016651,Asian elephant,12.3800997082
46.1642795535,African elephant,7.03605667728
48.6117302673,Asian elephant,6.53057416762
35.2829692802,Chimpanzee,5.16230439662
25.3521584199,Cat,5.47944424398
35.7041018822,Brazilian tapir,4.42286135743
44.0541801151,African elephant,6.01656678891
29.3149482799,Baboon,4.68344536589
27.8619776023,African elephant,6.17381338886
24.4761337731,Big brown bat,4.10998529424
25.8552352659,Cat,4.25098458736
5.69636815333,Chinchilla,2.98908000639
5.34717357595,African giant pouched rat,2.47593872715
32.2752097372,Brazilian tapir,6.75507124297
21.7482176945,Brazilian tapir,3.65579572837
35.7873510806,African elephant,4.47346519349
14.5369754745,Big brown bat,3.19519433631
37.3044246481,Chimpanzee,4.86260593584
64.2264637701,Chimpanzee,8.35841118895
14.5579673467,Big brown bat,2.4173624199
22.7081362142,Big brown bat,4.23377914123
56.4799369695,Chimpanzee,7.50335841863
49.0468847105,Chimpanzee,7.24266859596
5.32172078582,African giant pouched rat,2.53598532203
43.5047279949,African elephant,6.28341889436
7.73440306234,Chinchilla,1.30451854872
38.6057451742,Brazilian tapir,5.06060242439
57.1632878636,Chimpanzee,7.25844892988
62.1666601711,Chimpanzee,9.55779147129
3.7792651504,African giant pouched rat,0.80661300773
11.9577674984,Arctic Fox,2.11185536328
14.9560149654,Arctic Fox,2.18205092942
45.4544408841,Chimpanzee,5.77725075792
26.2157887181,Brazilian tapir,4.65745718054
57.4472310651,Chimpanzee,8.3872313035
12.9986566719,Arctic Fox,2.41490968504
23.5815742863,Big brown bat,3.66592359052
25.6261164846,Brazilian tapir,5.06035283276
46.7171209194,African elephant,6.53638178009
52.2244180126,Chimpanzee,6.05099002265
6.62527260567,Chinchilla,1.05406054525
26.8505306365,Baboon,4.7837138786
32.2138575293,Cat,6.72913758122
26.0017402186,Brazilian tapir,5.41713795051
21.1359934819,Cat,3.05194985714
33.2163296191,Cat,4.95440816307
44.6344719525,Chimpanzee,5.23560742223
4.51956875669,African giant pouched rat,1.57685489155
4.30670213555,African giant pouched rat,1.18205629684
58.4030953891,Asian elephant,8.14915839224
7.56364633021,Chinchilla,1.73978622168
44.8985512263,Chimpanzee,6.10109395898
33.5910128396,Brazilian tapir,7.5804998701
35.3157093353,African elephant,4.98944230297
32.1649935479,Baboon,5.07497858042
3.87659106534,African giant pouched rat,0.442258448676
32.284863284,Brazilian tapir,6.36416216154
34.358774477,African elephant,6.54418227133
8.28295654701,Chinchilla,1.50279532049
4.2534104242,African giant pouched rat,2.35903111613
25.7705219868,Baboon,4.56404737108
40.4410526722,Chimpanzee,5.75797889698
27.7682013721,Brazilian tapir,6.2587263975
29.3009442637,Cat,4.92855505943
79.0805298107,Asian elephant,11.3942764256
29.4650519235,Brazilian tapir,6.55664117559
56.7568792015,Chimpanzee,6.96502085876
27.1740588261,Brazilian tapir,5.38146054227
15.3516726795,Big brown bat,4.03504694731
76.7061911839,Asian elephant,11.0033351759
21.4522844953,Cat,4.21489372545
34.0374135485,Baboon,5.60607776401
31.8697351502,Baboon,4.82998370328
30.0781808897,Brazilian tapir,5.96770261261
7.44657905577,Chinchilla,1.91213363225
62.3184803804,Chimpanzee,9.49030847707
34.8350815416,Baboon,7.385965228
7.83781339926,Chinchilla,1.77816671388
25.5403518567,Baboon,3.72783165605
24.9570789398,Baboon,4.58341177439
25.1370142364,Brazilian tapir,4.64890710993
45.2764622606,African elephant,5.84279341377
34.3981842703,Baboon,6.34283815733
17.0594642893,Big brown bat,2.82432058846
11.9920891882,Arctic Fox,3.08948318113
11.1746392954,Arctic Fox,2.13329894138
32.5611307318,Cat,5.96203023456
6.33936601576,Chinchilla,1.61734708075
39.1025884079,African elephant,5.92392577739
39.7328855974,Chimpanzee,5.20415485237
11.0763258671,Arctic Fox,2.49882749654
38.3329022402,African elephant,5.5343583222
48.5152479971,African elephant,7.33217773157
25.5614380878,Cat,4.52439956795
64.5855593389,Chimpanzee,9.56562639946
21.4048419186,Big brown bat,3.07943505384
60.8464983924,Chimpanzee,7.72047112174
52.4461870256,Chimpanzee,7.38097775302
18.257197364,Big brown bat,4.21258502891
23.3472824249,Brazilian tapir,4.96303149279
4.93833802296,Chinchilla,1.44188793682
26.4639466252,Baboon,3.8518684791
60.2057599246,Chimpanzee,7.01556711662
17.2636342362,Arctic Fox,4.26519905281
8.84149163258,Chinchilla,1.7182420917
12.9716601915,Arctic Fox,3.23988859439
33.2166329856,Brazilian tapir,6.19166199952
48.5557468381,African elephant,5.73987035583
28.1104727665,Baboon,4.49703919952
47.0511038354,African elephant,5.48790608158
31.0546429928,African elephant,5.31334442131
46.6645051953,Chimpanzee,7.1405428858
38.2160724785,Chimpanzee,5.62605023224
51.1557483611,Asian elephant,6.54404008889
15.3026424534,Arctic Fox,4.09322927882
40.9627659962,African elephant,6.0711691276
24.7272237773,Baboon,5.0318676081
28.3324348879,Cat,6.29181634563
22.4117166784,Cat,4.35578682777
48.6933094649,African elephant,6.87007484003
27.9057606568,Brazilian tapir,5.14713417789
7.24691400412,Chinchilla,1.02568003165
50.84017189,Chimpanzee,6.14362825671
6.78810068705,Chinchilla,3.69086893332
23.5724203306,Big brown bat,4.73481233718
32.9864451557,Brazilian tapir,5.37536907339
29.3728711877,Brazilian tapir,4.23039569202
13.0541302253,Arctic Fox,3.08614307417
34.28992373,Cat,6.0924382066
17.3362003221,Arctic Fox,2.32860582169
13.039889652,Arctic Fox,2.1205365816
24.2231190738,Baboon,4.0710957142
23.0063227601,Baboon,4.8844175897
55.235339448,Asian elephant,6.6965037004
14.0496091211,Arctic Fox,3.54471969155
16.9950374264,Arctic Fox,3.64490011951
23.7061887516,Brazilian tapir,4.53393639189
25.2612009766,Cat,4.85543837952
12.528588331,Arctic Fox,3.03839300652
32.8586358607,Brazilian tapir,7.41311405214
3.47000814559,African giant pouched rat,0.629209127429
30.8778722235,Baboon,4.85680807769
31.9485698164,African elephant,6.25683796813
16.1922159945,Big brown bat,2.50715447902
33.9909764468,Baboon,6.56806430009
46.8452770243,Chimpanzee,7.05798734854
47.2153111499,Chimpanzee,6.88732244225
10.0399365104,Arctic Fox,1.6391079158
25.6009331768,Baboon,4.76352536609
32.5329456509,Cat,4.87812549639
6.90771250173,Chinchilla,2.18180120054
13.3227848615,Big brown bat,2.84846431442
32.541666795,Brazilian tapir,5.5820901405
77.2711288955,Asian elephant,9.35726670633
5.47163753372,African giant pouched rat,0.71674140537
16.908766192,Arctic Fox,3.86494822519
69.1720198967,Asian elephant,8.65075698203
4.38336153688,African giant pouched rat,1.61401100417
27.2384638145,Cat,4.94438426265
32.8560407968,African elephant,5.05912783855
29.4912142421,African elephant,4.74954548893
19.965779832,Baboon,2.75539806728
43.8516516633,African elephant,5.64848092054
5.34861303024,Chinchilla,2.37973041309
11.1280226508,Arctic Fox,2.74099478444
4.22717460532,African giant pouched rat,1.28034130283
19.4597498296,Big brown bat,3.5824830976
54.4197365729,Asian elephant,7.17034265089
15.2442042239,Arctic Fox,2.59009973013
22.427714389,Big brown bat,3.66874312421
61.1130011639,Asian elephant,8.65346960969
4.97577964652,African giant pouched rat,1.58980630965
27.0526345741,Baboon,4.50748702299
32.6883319734,African elephant,6.23012227058
38.1294350544,Brazilian tapir,5.24832259592
80.5346008547,Asian elephant,9.43979560245
83.8318792523,Asian elephant,9.6874635968
19.9871799149,Baboon,3.81522303667
8.42000797813,Chinchilla,1.24958292316
36.1613570341,Chimpanzee,4.25223109343
7.56610228299,Chinchilla,1.42257257572
88.7732811599,Asian elephant,10.9589735651
11.0800072963,Arctic Fox,2.12303114947
30.5131849966,Brazilian tapir,4.53208777883
15.988335454,Arctic Fox,3.6496459881
8.77380068137,Chinchilla,2.02582303727
4.24884274657,African giant pouched rat,0.882497301878
6.06331901185,Chinchilla,3.10910805439
29.6231361912,African elephant,5.94439385166
53.6562008817,Asian elephant,7.57805430623
32.7271088153,Cat,6.5081024433
5.03068825803,African giant pouched rat,2.33193772225
4.48361276767,African giant pouched rat,2.19157400123
23.9119884761,Big brown bat,4.57530458425
31.8930798345,Cat,6.61500735612
13.306982972,Arctic Fox,3.40090925693
51.4227426211,Chimpanzee,7.07917546868
63.7632997632,Asian elephant,7.78042853489
10.1086056953,Arctic Fox,1.95330479771
29.0070887552,Cat,5.36041387324
48.4798281488,African elephant,5.60457598069
5.86999460932,Chinchilla,2.28819798646
38.7612185745,African elephant,4.91598721678
4.95272837205,African giant pouched rat,2.51334386006
32.053090282,Baboon,7.08723613162
24.1312037346,Cat,5.00127720663
25.769198996,Baboon,4.47262751483
13.311458155,Arctic Fox,2.38142750367
21.554609953,Big brown bat,4.59238593038
26.0028514252,Brazilian tapir,4.72755207609
62.5617957717,Chimpanzee,9.18154839147
4.85664994302,African giant pouched rat,1.90524897322
5.8066140924,African giant pouched rat,3.17906193585
8.27067141608,Chinchilla,1.46631145036
48.4425375646,African elephant,6.27889144777
33.3698933509,Baboon,6.07543416171
10.3360805806,Arctic Fox,2.3059356072
54.4297029238,Chimpanzee,6.99718816044
21.3890641039,Cat,4.46475926845
31.0708488988,Baboon,6.5491491555
22.6187842382,Big brown bat,3.91535957639
34.9970809283,African elephant,5.50058602006
21.4450452096,Brazilian tapir,3.54040680014
30.3711270028,Brazilian tapir,5.21426257844
54.3122146663,Chimpanzee,8.03205933907
8.272398411,Chinchilla,1.90845506854
4.52094198387,African giant pouched rat,1.74034826582
4.95268673869,African giant pouched rat,1.11891125669
55.0181202696,Asian elephant,6.79688837646
6.31566972963,Chinchilla,1.02021143533
35.048949154,Baboon,4.52241053754
22.5829403586,Brazilian tapir,3.79843644019
57.6246440942,Chimpanzee,8.3972248312
87.9020476633,Asian elephant,11.5259871283
38.2685950878,African elephant,4.74336845808
21.1806711048,Baboon,4.70307850118
4.72397070499,African giant pouched rat,1.43098833133
43.8326251916,African elephant,5.60169213481
42.7422082591,Chimpanzee,5.77284882745
43.0518853852,African elephant,6.43279041748
17.4251590565,Arctic Fox,2.7054583285
63.8680813824,Chimpanzee,9.55713612587
54.7568766742,Asian elephant,6.97126618416
72.2548573295,Asian elephant,8.50762970371
4.80962275491,African giant pouched rat,1.60898963848
33.3579582938,Cat,4.93482922438
7.31843523221,Chinchilla,1.87039148086
4.94017085143,Chinchilla,2.61796262169
40.5409998442,Chimpanzee,6.01189678184
34.8335581632,Brazilian tapir,7.03825713343
33.9644564782,African elephant,6.30923442668
15.4234603448,Arctic Fox,3.23859148936
41.0601797586,Chimpanzee,5.52380960253
18.9240732866,Big brown bat,2.68725159415
8.31269115576,Chinchilla,1.36779804244
25.2085032212,Baboon,3.56642095464
38.2068458492,Brazilian tapir,5.13348681358
33.7934612332,Brazilian tapir,7.29196880185
5.76877131086,African giant pouched rat,3.14777040159
37.6468473287,Brazilian tapir,5.02849666364
32.6006856887,Brazilian tapir,7.40241217188
8.18669163452,Chinchilla,1.55635424038
27.6187098081,Baboon,5.36223319283
8.86754331684,Chinchilla,1.74439216588
35.6119519293,Cat,5.34217936238
13.9817406358,Arctic Fox,3.37968064733
15.8214220959,Arctic Fox,2.22602593039
4.46535410375,African giant pouched rat,2.24319487537
12.0847286101,Arctic Fox,1.58477131522
17.2595986637,Big brown bat,3.1742705924
6.42878055175,Chinchilla,1.98874174019
35.9376894988,Cat,4.24217941341
41.3306964872,African elephant,5.90116932574
16.3505437655,Arctic Fox,3.60436650148
15.8380422917,Arctic Fox,4.1718280708
32.5047718749,Baboon,5.0876166863
36.4205611903,Brazilian tapir,4.46849357664
6.55117212232,Chinchilla,2.8947483088
21.9776507528,Big brown bat,3.51967578452
4.69207378303,African giant pouched rat,0.906135623237
65.8510929811,Asian elephant,9.69341181187
57.7130799799,Asian elephant,7.08819161137
40.0530423142,Chimpanzee,6.111231138
20.7360988057,Baboon,4.41992147436
34.6320509897,Cat,6.92796514058
4.45207363223,African giant pouched rat,0.543007924687
64.7535386974,Asian elephant,8.44663501852
48.0791295471,African elephant,6.03098188003
4.90682182122,African giant pouched rat,2.68960926733
21.8691535325,Baboon,3.06390191879
15.2089374637,Arctic Fox,3.04787065721
5.08432171073,African giant pouched rat,1.02652857062
32.5773134049,Cat,7.08135856499
44.1778741904,African elephant,5.73032703424
27.626446888,Brazilian tapir,4.69865881623
22.4680207541,Big brown bat,4.26207904592
88.6152467527,Asian elephant,12.2885306532
6.1612032563,Chinchilla,2.10220139309
10.3958936875,Arctic Fox,1.48592169922
83.3290576925,Asian elephant,9.87913001103
10.5313964588,Arctic Fox,2.40263923591
18.717913019,Big brown bat,4.85533399604
19.368725842,Big brown bat,5.20322035955
35.5244779596,Brazilian tapir,5.02196019913
7.3494471657,Chinchilla,1.22733727658
23.2922496449,Brazilian tapir,4.15428483184
32.3530860846,Baboon,6.9776996197
32.1798907733,Brazilian tapir,5.01670275355
37.0009698644,African elephant,4.79724489467
57.251425173,Asian elephant,8.00635262779
14.701488287,Big brown bat,1.93433701896
27.4423117067,African elephant,4.45332782746
45.5850678717,African elephant,5.85072055009
16.8933940163,Arctic Fox,3.67930288883
25.5272701703,Cat,3.76303685597
27.5896175786,Brazilian tapir,4.52348266788
51.7707628504,Asian elephant,7.61651580885
55.5881105165,Asian elephant,6.44491697373
5.54286645565,African giant pouched rat,1.88895887044
7.88598429441,Chinchilla,1.50068464663
11.5806021984,Arctic Fox,2.0601260121
19.2431480454,Big brown bat,4.04907497056
22.5582032499,Brazilian tapir,3.20915191329
8.62550802381,Chinchilla,1.37257176369
22.4320214627,Brazilian tapir,4.11298258929
89.4933928851,Asian elephant,10.4236561355
34.0719872566,Brazilian tapir,6.58329208438
52.1835940787,Chimpanzee,6.76419317619
52.7821035271,Chimpanzee,7.34835744701
29.359293378,Cat,5.26743088779
70.0068581076,Asian elephant,8.92220064582
25.3408291669,Baboon,3.86880928158
13.4103438047,Arctic Fox,1.9678996661
14.6061526488,Arctic Fox,2.29640605604
50.5208304018,Chimpanzee,6.78222038049
3.59098402595,African giant pouched rat,0.75783843312
46.1414963815,Chimpanzee,6.20367567331
24.6768621892,Big brown bat,4.14039990325
6.92627991373,Chinchilla,2.72190422103
22.7998589284,Baboon,4.24818504983
4.92591085103,Chinchilla,0.906106625645
34.6483374685,Brazilian tapir,5.86666216945
19.23146834,Baboon,2.33585965406
4.95174853053,African giant pouched rat,1.68757793809
34.4306468916,Brazilian tapir,7.79261941547
37.2002054196,Brazilian tapir,4.32159736067
37.744717437,Brazilian tapir,4.82308239048
4.67425443802,African giant pouched rat,1.42234627981
85.9671075018,Asian elephant,10.9863735848
11.5884065003,Arctic Fox,1.8006579555
11.383825658,Arctic Fox,1.67741025765
47.0939944604,African elephant,5.83972246155
27.020385877,Baboon,5.42330954939
27.5317564546,Brazilian tapir,6.01937101129
72.5038066624,Asian elephant,9.88882661156
80.6471510553,Asian elephant,11.1510883672
37.1931107691,Brazilian tapir,5.00458800102
33.3466541125,Brazilian tapir,5.63630409876
34.7475474091,Brazilian tapir,6.21516873658
31.2911572282,Brazilian tapir,6.31978083662
5.26051019606,African giant pouched rat,1.21326876461
17.5594021478,Arctic Fox,4.33162687464
61.0197127232,Asian elephant,8.1276793864
41.771032235,African elephant,5.08333838582
7.8520605638,Chinchilla,2.05902239526
5.84319802511,African giant pouched rat,3.06022172789
5.54901231516,Chinchilla,1.7952996078
85.1011835086,Asian elephant,10.2705661672
22.569227312,Cat,3.24192965054
36.6276235008,Chimpanzee,5.48235352622
7.17288072824,Chinchilla,1.0776797068
15.53326914,Arctic Fox,3.51336024461
33.1916891684,Baboon,6.26031262295
38.0779267049,Chimpanzee,4.88923881055
6.22231377468,Chinchilla,3.07979308621
7.57441669351,Chinchilla,1.02766321917
30.9565835761,African elephant,6.67355185364
22.11774699,Brazilian tapir,3.1634554004
47.6193278112,African elephant,6.75706285234
15.2763172702,Arctic Fox,3.3411680495
34.7086035109,Cat,7.59369833695
38.929268286,Brazilian tapir,5.58756294364
30.1548903592,African elephant,4.5190760979
33.9667714044,Brazilian tapir,5.39089091348
32.3314522833,Brazilian tapir,4.65378664918
18.9566039826,Big brown bat,3.03906558707
23.696765368,Big brown bat,4.28170194654
40.8701127702,African elephant,5.89116395105
37.3466651792,Brazilian tapir,5.50577245118
29.9695988005,Baboon,6.37078926552
6.45674385135,Chinchilla,2.54266636777
33.3181760494,African elephant,6.71445930766
74.9631640784,Asian elephant,9.79443423439
25.8876378918,Brazilian tapir,4.02181155993
4.03224350516,African giant pouched rat,1.04434644438
31.9207783041,Brazilian tapir,5.41776340163
5.67942123314,African giant pouched rat,2.34117833449
14.2571816394,Big brown bat,3.02415923671
77.5210299426,Asian elephant,11.4917798426
39.674955564,Chimpanzee,5.64078128872
37.454085098,Brazilian tapir,4.61166617316
4.13935342005,African giant pouched rat,1.61955953347
26.2359406466,Baboon,4.05994212142
18.3290056115,Big brown bat,4.87545547702
17.2481584182,Big brown bat,2.82817535572
15.0346219697,Arctic Fox,1.99874888433
58.3800641961,Chimpanzee,8.04966207062
46.9357669159,African elephant,6.28860954628
55.0171337768,Chimpanzee,8.32436351214
16.7540141532,Arctic Fox,2.94688119832
5.45150138879,Chinchilla,1.87838844318
17.8249207367,Arctic Fox,2.48289692954
35.4506170915,Cat,5.34483978659
22.078255884,Big brown bat,4.51145230169
53.3107601101,Asian elephant,7.59224401152
22.8208948082,Cat,4.635211035
70.7278353219,Asian elephant,9.73999650245
15.8873230517,Big brown bat,4.17115484762
33.6610816803,Cat,4.95485532315
73.9469648625,Asian elephant,10.8098820564
36.9263687472,Brazilian tapir,5.08868801553
28.4494264679,African elephant,4.4782338237
11.1467081662,Arctic Fox,2.21710018594
33.6413004399,Brazilian tapir,7.35680083194
3.62680111191,African giant pouched rat,0.908301655177
28.9422871244,Cat,4.93239858768
20.4924616913,Big brown bat,4.2046750093
3.27731819481,African giant pouched rat,1.70889612186
34.578792323,Cat,5.28374648757
75.5273538674,Asian elephant,10.124258523
34.4637807856,Cat,7.57782685724
16.7916431372,Big brown bat,3.65152466813
25.1648013864,Baboon,4.62757208651
47.7008454017,African elephant,5.94943820164
42.9920043178,African elephant,6.11184983289
6.64683048264,Chinchilla,1.64570002409
29.7740060038,African elephant,5.72040292023
27.0940572688,Brazilian tapir,5.71773135501
21.9550600748,Big brown bat,3.7302099142
39.1756826243,Brazilian tapir,4.92252427517
23.7603508218,Baboon,3.52710421112
4.64591550894,African giant pouched rat,2.39527608348
6.07880237879,Chinchilla,0.79795215451
15.825475963,Arctic Fox,2.14095098963
36.3612553224,Cat,4.92530901096
30.334675296,Brazilian tapir,5.35329183206
19.6394317043,Big brown bat,3.15252219762
28.97625717,Brazilian tapir,4.8207325677
4.67473595191,African giant pouched rat,2.33360579477
5.22671915085,African giant pouched rat,1.91957160144
17.2072537004,Arctic Fox,3.76806759139
33.388451001,Baboon,6.7542405179
30.5344562356,African elephant,6.76496637266
17.8679872657,Arctic Fox,3.36120335213
24.7934839748,Baboon,4.54765031597
39.8506703851,Chimpanzee,5.28838506514
35.3144914679,Brazilian tapir,4.66464075113
44.9265540382,Chimpanzee,5.91704446886
5.83219054573,Chinchilla,2.60944545606
5.66291273434,Chinchilla,1.67395946077
18.4305329891,Big brown bat,3.53484876084
34.0800811059,Baboon,5.25945772389
22.4285462333,Brazilian tapir,4.88938388337
56.9078951979,Chimpanzee,7.09214860828
21.1110439658,Cat,4.18274138683
16.615863242,Arctic Fox,3.49688521605
33.9910690892,African elephant,5.33580278653
40.2538162885,Chimpanzee,5.77667330656
4.29733071331,African giant pouched rat,1.19820867092
24.6474755842,Big brown bat,3.67245429358
5.44658111614,Chinchilla,2.05852759607
4.53921540016,African giant pouched rat,2.02843995213
64.380943804,Asian elephant,9.00652633933
34.840384423,Cat,7.7258234687
41.4330201605,Chimpanzee,6.29622806872
3.18326810705,African giant pouched rat,0.396868968418
87.4984398642,Asian elephant,11.4386110532
75.0617351758,Asian elephant,8.94789148962
44.3596654421,African elephant,6.37347335257
10.1310572272,Arctic Fox,1.31517179224
48.7030393153,African elephant,7.02910988219
86.2587168705,Asian elephant,11.010201215
21.1448380696,Big brown bat,2.97701658953
24.1113423873,Brazilian tapir,5.29290979264
68.1628047202,Asian elephant,8.47096038249
25.4221972496,Baboon,5.51183717634
34.8441058306,Cat,5.58466900374
33.1797321561,Brazilian tapir,5.51742111312
24.085651077,Big brown bat,5.1172764569
27.9840099401,Brazilian tapir,4.09186713019
25.8550502136,Brazilian tapir,5.62459748657
4.36513248123,African giant pouched rat,2.21880529484
4.50646636667,African giant pouched rat,1.0427142881
51.215471794,Chimpanzee,6.79906152854
27.458200276,Cat,4.35627661038
30.3843412697,Baboon,6.17351260272
28.5243503223,Cat,4.2622171189
22.4817251562,Baboon,5.06298831666
32.593507022,Brazilian tapir,5.83030080442
26.8365321615,Baboon,4.2222324234
3.23708599509,African giant pouched rat,1.04466340806
23.4873705182,Cat,4.86494773439
35.0243196088,Brazilian tapir,4.67273825316
5.4487807192,African giant pouched rat,1.69460930301
5.83347208421,African giant pouched rat,0.683975143295
34.4671496691,Brazilian tapir,7.55700567987
33.2794948184,Cat,5.64001423467
16.4620608726,Arctic Fox,2.52939444735
29.9401267046,Cat,5.35870946164
8.16153120413,Chinchilla,1.96053491389
11.9245885147,Arctic Fox,1.46274942424
65.2824203574,Asian elephant,9.61437016066
5.92547159989,Chinchilla,3.06921698345
30.7848264273,Baboon,5.80743675396
4.19812400451,African giant pouched rat,0.557533088478
44.0661500712,Chimpanzee,5.25926580776
24.2294828585,Cat,4.8157010263
60.9811659447,Chimpanzee,7.74225931049
87.077442949,Asian elephant,10.124761242
30.9233988819,Baboon,5.83494212042
4.07613609364,African giant pouched rat,1.42348174614
4.58254175521,African giant pouched rat,1.65934607223
28.0333701692,Cat,4.4678339745
24.6119788343,Brazilian tapir,4.11805146192
15.6280580949,Big brown bat,3.61427142916
10.546356772,Arctic Fox,2.0590630162
14.356261576,Arctic Fox,1.79722756657
34.1770378344,Cat,7.11729208665
28.8575145082,Baboon,4.1654031276
30.718587076,Baboon,4.47535146376
24.1438048255,Brazilian tapir,3.68276003911
4.60994141772,African giant pouched rat,2.45425771436
4.00963645834,African giant pouched rat,0.905686214353
24.4135618589,Baboon,3.8842895069
23.0271631293,Brazilian tapir,3.80979506716
38.3876068228,African elephant,4.90332839834
11.1206859847,Arctic Fox,3.01915982705
19.1476032549,Big brown bat,4.66846224674
5.95653146246,Chinchilla,2.4885576006
53.2215642318,Chimpanzee,6.63641876069
26.8641478552,Cat,5.01554452727
23.6477268722,Big brown bat,3.37607759189
4.89420618294,African giant pouched rat,1.37396850002
3.70655803193,African giant pouched rat,1.17038142342
17.6224218543,Arctic Fox,2.32556595344
7.09074834654,Chinchilla,1.06518824827
69.6536556314,Asian elephant,8.09871746208
31.1381359059,Brazilian tapir,5.60500921421
54.5671970614,Asian elephant,8.38930673733
22.9195418981,Baboon,3.86274909651
35.42430305,Brazilian tapir,4.15959719825
4.96448057248,Chinchilla,0.929507760479
69.7172452758,Asian elephant,9.14394979477
5.11319206463,Chinchilla,0.776171607214
12.101204277,Arctic Fox,2.41236232318
5.69002542122,African giant pouched rat,2.98011623707
3.87705528163,African giant pouched rat,1.7466676399
42.9716358635,African elephant,5.92095455979
5.49796454227,African giant pouched rat,2.14638930364
7.77177955874,Chinchilla,1.89472488085
62.8182832967,Chimpanzee,7.29130038415
15.2862219357,Arctic Fox,1.88693597244
48.5526224885,Asian elephant,7.14154306084
49.3430678867,Asian elephant,7.14677408777
30.444629733,African elephant,6.4267578521
49.0689828741,Asian elephant,5.74694554374
30.5672374531,Brazilian tapir,6.16886549791
21.2717486164,Baboon,3.22919971276
45.1888392793,Chimpanzee,6.39980984213
3.43249365471,African giant pouched rat,0.454081609495
16.8522561649,Arctic Fox,3.60319181533
19.1878745475,Baboon,4.24337021221
22.8396517468,Big brown bat,4.32727389486
56.0873829535,Asian elephant,7.77498994731
5.37852572874,African giant pouched rat,1.67127785849
17.788273032,Big brown bat,3.457975308
27.7955779449,African elephant,5.39317632957
13.3785051343,Arctic Fox,2.89400792832
24.0783821796,Baboon,3.67231185207
30.4264265942,Baboon,5.13208765964
16.3538578133,Arctic Fox,2.02764455079
32.816722594,Cat,5.3882960513
21.7460176067,Cat,3.79448669252
4.97756174674,Chinchilla,1.51539340296
26.9529564255,Baboon,6.06253899351
23.0319653203,Cat,3.51364344592
8.34675945984,Chinchilla,1.27284279426
15.6337540008,Arctic Fox,2.31292378462
73.0004157454,Asian elephant,10.6081578747
55.3664572223,Chimpanzee,7.54286543921
22.6033289179,Cat,3.63213048308
63.2805766017,Asian elephant,8.07470701004
11.6404875005,Arctic Fox,3.12529779845
5.87244787449,Chinchilla,1.23171149023
36.9536809016,African elephant,5.0787981305
58.6657830075,Chimpanzee,8.26088055626
60.5845232905,Chimpanzee,9.22652474369
17.4573848568,Big brown bat,3.03889951633
36.0540924371,Cat,5.07610579576
7.6139897999,Chinchilla,1.56778659081
20.3596132251,Cat,4.08770337845
31.4178010694,Baboon,4.88563120834
30.5086746952,African elephant,6.47674704369
5.27994509423,African giant pouched rat,1.88652507288
44.5984497152,African elephant,6.49064780842
19.5794518457,Big brown bat,4.5183509156
24.7666292425,Brazilian tapir,4.84399272391
26.8745750974,Cat,5.88020523462
8.56766704143,Chinchilla,2.07974965036
51.0912380488,Asian elephant,7.77244715431
3.23444226481,African giant pouched rat,0.820673400105
3.83843766121,African giant pouched rat,1.46618499661
13.3512890393,Arctic Fox,2.29312806556
16.9376894917,Arctic Fox,2.84926285408
62.3809156993,Asian elephant,9.27149772656
32.1394127168,Cat,4.808495616
56.5235222724,Chimpanzee,8.31467226471
13.4051741314,Arctic Fox,1.97208299421
36.0200666285,Chimpanzee,5.18260624704
5.20468562086,Chinchilla,2.47320099028
80.390744583,Asian elephant,11.4020235165
38.0608803579,Chimpanzee,4.62214611369
47.0201085723,African elephant,5.48836841472
16.4794432032,Big brown bat,4.13842331533
31.7503911619,Cat,6.40879841777
40.0802470509,African elephant,5.51188790065
20.1967318852,Big brown bat,4.43115806476
21.6877401608,Cat,3.76172154547
46.3626526495,Chimpanzee,5.63477361527
35.7465435201,Brazilian tapir,5.25691885585
14.1801310318,Arctic Fox,2.36223807923
26.8933177237,Cat,4.00901088202
28.6384924345,Brazilian tapir,5.007631047
26.2693752524,Cat,3.91384052673
81.485670245,Asian elephant,9.48959468215
35.1842352425,African elephant,5.36344285241
56.7025594435,Chimpanzee,6.94721057632
36.7889960299,Chimpanzee,4.56277671434
47.7434737045,Chimpanzee,6.99407645058
33.4879680326,Cat,6.26574742636
19.1697783181,Baboon,3.76468345562
62.1369996347,Chimpanzee,8.77677421213
55.5812107415,Chimpanzee,7.03929963521
22.4433345186,Baboon,4.21510942238
29.5294374994,Baboon,6.06207971765
28.8696478061,Cat,4.09395526422
4.34900559437,African giant pouched rat,0.868254311293
32.8734556607,Cat,5.47727919208
40.9974317707,Chimpanzee,5.24269777911
3.73686061064,African giant pouched rat,0.941472288692
54.3548735775,Asian elephant,8.2331029622
62.4558961451,Chimpanzee,9.58040083089
88.0728413659,Asian elephant,12.7987388647
4.13701280646,African giant pouched rat,1.32213089213
12.863855438,Arctic Fox,2.09109033281
8.04816328044,Chinchilla,1.18222857929
4.42168034602,African giant pouched rat,1.50181769814
33.9707881119,Cat,5.1436178378
83.4715735769,Asian elephant,10.2916966191
38.6485767693,Brazilian tapir,5.6504661828
21.6723629867,Cat,3.13891329187
8.43374100919,Chinchilla,1.81017899988
55.6252409429,Chimpanzee,6.5991733545
4.54849388757,African giant pouched rat,2.12146515897
17.4092572121,Arctic Fox,2.83918041557
25.3706452206,Brazilian tapir,4.07222224198
56.8117533118,Chimpanzee,8.08014742718
40.3168603159,African elephant,5.69347278661
46.0220956359,African elephant,6.59453137104
23.5734551222,Big brown bat,3.35171453081
35.3081415697,Chimpanzee,4.95171631778
31.8403627552,Baboon,6.73504906419
5.02309603809,African giant pouched rat,2.75256331494
10.0048013426,Arctic Fox,1.99110191908
13.0629447854,Arctic Fox,3.01969683264
30.3957322386,Brazilian tapir,5.51328731168
8.32722421838,Chinchilla,2.22554666655
39.2150411439,Chimpanzee,5.13463882404
5.85369182656,Chinchilla,1.81806983669
14.9860063105,Big brown bat,1.87203982584
40.5136680301,African elephant,5.94815474173
81.0525191283,Asian elephant,12.3428597056
47.4040606041,Chimpanzee,6.23032307882
7.87367350565,Chinchilla,1.26005939321
19.2018375447,Big brown bat,3.68395991579
18.0190081324,Big brown bat,4.49402252221
40.6622722298,Chimpanzee,5.50220562257
38.3990645979,Brazilian tapir,5.09286761859
59.7686010076,Asian elephant,8.07318874293
28.8004251612,African elephant,4.38085538674
55.589612651,Asian elephant,7.81372507385
84.9486316452,Asian elephant,11.2998687622
12.6411940815,Arctic Fox,2.97222233161
39.4174182967,African elephant,5.37459814888
30.8075385672,Brazilian tapir,5.73924295082
64.6802857408,Chimpanzee,8.20463024663
16.9450140925,Big brown bat,3.21517216508
6.7620589808,Chinchilla,1.03652141039
13.6422267304,Big brown bat,2.48210174176
31.6321876379,Brazilian tapir,4.53020410293
50.9188825546,Chimpanzee,6.02722493827
35.999715442,Chimpanzee,5.2299000742
3.26813700989,African giant pouched rat,0.465754415131
19.3842454844,Big brown bat,4.73434178403
44.1272536832,Chimpanzee,6.24680010162
24.8696807252,Baboon,4.98435645674
9.84266588992,Arctic Fox,1.66806243595
11.0818397349,Arctic Fox,1.62155552936
20.0617152472,Big brown bat,3.28926960086
29.4216443344,Baboon,6.4287180582
21.0178593303,Cat,4.55776234451
22.0952427202,Brazilian tapir,4.5039974848
5.39923381639,African giant pouched rat,2.90169640367
33.2654448304,Brazilian tapir,5.69961932692
16.1972004346,Arctic Fox,2.56991132009
6.14792393958,Chinchilla,1.59252111743
43.3052613784,African elephant,6.45991987011
7.14286700841,Chinchilla,1.55778220047
38.3379873886,African elephant,4.96591374621
46.0911251584,Chimpanzee,5.37224641203
31.544348138,Baboon,7.11682304574
37.6403874149,African elephant,4.69535030426
15.3945937517,Big brown bat,1.97774868947
6.45516557396,Chinchilla,2.19092634375
13.3883583399,Big brown bat,3.26499425484
28.246097116,African elephant,5.16445798068
18.3831463964,Big brown bat,3.03370312853
8.65556707531,Chinchilla,1.13757353996
21.7665749205,Big brown bat,4.15682266129
14.1106017069,Big brown bat,2.01583712884
6.44656265424,Chinchilla,3.4657891493
5.58370659972,Chinchilla,2.17858201999
16.9853661284,Big brown bat,4.55310300832
31.4096638975,Baboon,5.49994112242
29.5287525208,African elephant,6.48548145352
33.4797982173,Cat,6.30573607495
76.8679555355,Asian elephant,9.39591085982
4.5185866033,African giant pouched rat,1.33576146849
69.0191829607,Asian elephant,8.93377854983
32.1677882824,Cat,5.35212944857
23.1320119118,Big brown bat,3.88665920761
24.6946179635,Brazilian tapir,3.86775622543
26.3168859567,Cat,3.97444601269
12.1343576051,Arctic Fox,2.51492040283
20.5498112443,Baboon,4.6053818215
16.5185870711,Big brown bat,2.16076178602
19.8942498585,Cat,4.50707233976
28.8923738262,Baboon,5.13350982664
27.9024004824,Brazilian tapir,5.55161117767
27.2518430893,Cat,3.86647690719
6.99498115481,Chinchilla,2.77772650662
4.45761158701,African giant pouched rat,0.503015429409
23.5878711056,Big brown bat,4.53310278739
23.0915711671,Baboon,4.35732686333
7.20560984383,Chinchilla,0.936656569899
23.3564321435,Cat,4.98669165065
6.1626592859,Chinchilla,1.20470380596
18.1869192506,Arctic Fox,4.07246063933
41.8437971664,African elephant,5.71145081383
39.0982484168,Chimpanzee,5.69965131922
26.603782691,Baboon,5.34442404995
3.75964250812,African giant pouched rat,0.915941689715
25.545307606,Cat,5.60848523002
33.9996467818,Brazilian tapir,5.55134663369
24.0178905166,Big brown bat,5.36165767589
27.599115142,Cat,4.53433264021
8.72867489286,Chinchilla,1.25793987806
64.6841564253,Chimpanzee,8.6874659921
21.1412276012,Cat,3.916127556
27.4315502627,Baboon,4.27756725344
16.6776645069,Big brown bat,3.44729555157
36.1394011307,Brazilian tapir,4.86092726837
80.7381227025,Asian elephant,11.247161017
19.191432246,Baboon,3.30896515836
27.035064882,Cat,3.85095843365
16.9891039307,Arctic Fox,2.34881316296
46.8841372568,Chimpanzee,6.2945938978
18.3117359274,Big brown bat,4.4237266084
43.6775246334,African elephant,6.3794266431
62.1367546138,Asian elephant,8.09392839212
15.8033826788,Arctic Fox,3.43306755895
26.9002118676,Brazilian tapir,4.62728313333
81.6172741655,Asian elephant,9.4191297321
38.558489031,Brazilian tapir,5.00933769948
23.0936253907,Big brown bat,4.21204880309
17.1273703613,Big brown bat,3.56641282436
8.47072422296,Chinchilla,1.66004844511
3.2136016246,African giant pouched rat,1.00529948793
31.1431818998,African elephant,5.31253331477
34.0267125087,Cat,5.27876654357
8.02915172583,Chinchilla,1.22252689136
33.1206137537,Brazilian tapir,5.54087298512
22.0476786058,Cat,3.20189027948
76.9165506901,Asian elephant,8.96670548868
12.8055788349,Arctic Fox,3.16251472634
20.2359734752,Big brown bat,3.29452909164
23.4384306783,Big brown bat,4.77234946604
3.73607753294,African giant pouched rat,1.3052332323
49.4536951805,Chimpanzee,5.71259984308
6.45457547734,Chinchilla,1.41474289749
7.93860236265,Chinchilla,1.68938926045
6.67567545831,Chinchilla,1.45015663883
39.1231306727,Chimpanzee,5.50686499048
8.98815713481,Chinchilla,1.59245856483
8.78338632323,Chinchilla,1.67735312011
4.40157791943,African giant pouched rat,0.633698653946
19.4126663741,Baboon,4.80783688953
38.9844170136,Brazilian tapir,4.73869996055
3.53501139643,African giant pouched rat,0.555562795654
38.470651131,African elephant,5.85876264543
27.5613376356,African elephant,4.73640553454
29.9280776834,Baboon,5.20626879996
38.6953135858,Chimpanzee,4.50968056753
22.1769582969,Big brown bat,4.29810533127
20.9208736036,Baboon,4.02325610972
8.48950533931,Chinchilla,2.2171380875
6.46838219548,Chinchilla,3.57269345176
30.379936389,Baboon,6.67948379272
17.0764959029,Big brown bat,3.38027216619
12.984417658,Arctic Fox,2.2955877867
14.9739062096,Arctic Fox,2.03205039315
46.0259449414,African elephant,5.63746448243
3.77821701079,African giant pouched rat,0.871685319482
54.570163136,Chimpanzee,7.17779088285
5.79801471493,Chinchilla,1.94578700009
21.7427536228,Cat,4.15131420272
27.3445459568,Brazilian tapir,4.36259782899
32.2357359664,Cat,6.27645437843
31.559437517,African elephant,6.56522027266
21.1994623297,Baboon,4.64067367413
33.8841478124,Cat,6.55332661106
84.2637142515,Asian elephant,11.4747087575
3.62091477768,African giant pouched rat,0.896159110395
9.96362044075,Arctic Fox,1.34671590523
48.6807579065,African elephant,7.45468153323
20.3708049729,Cat,3.28669918993
40.4258579679,African elephant,5.24673188668
29.337601076,African elephant,4.36510857254
3.5501776098,African giant pouched rat,0.830576580418
36.5744602065,Brazilian tapir,4.62778839284
31.280318632,Baboon,4.75695073364
5.26333946993,African giant pouched rat,2.18291865523
58.2632922339,Chimpanzee,8.01926845168
18.1856576901,Big brown bat,2.74284273432
